Bucket,artist,artistKey,artistSearch,album,albumKey,albumSearch,albumDate,albumLoc,albumSrc,start,end,flag
dharmacast,Ajahn Jayasaro,AJB,Ajahn Jayasaro,Lecture on Happiness,LOH,Lecture on Happiness,4/10/2013,Georgetown District of Colombia,https://www.youtube.com/watch?v=-IHpwKa0E2Q,,,
dharmacast,Ajahn Jayasaro,AJB,Ajahn Jayasaro,Practicing positive emotion,PPE,Practicing positive emotion,8/4/2013,"Bahn Boon Rai Thawsi Pakchong Nakong",https://www.youtube.com/watch?v=Js7VVJK5SX0,,,
dharmacast,Ajahn Jayasaro,AJB,Ajahn Jayasaro,Suffering And Kamma,SAK,Suffering And Kamma,02/22/2013,"",https://www.youtube.com/watch?v=IQChqAJHXFA,,,
dharmacast,Ajahn Jayasaro,AJB,Ajahn Jayasaro,Talk on happiness,TOH,Talk on happiness,11/10/2011,"",https://www.youtube.com/watch?v=NWAPtjzbYzI,,,
dharmacast,Ajahn Jayasaro,AJB,Ajahn Jayasaro,Dealing with negativity,DWN,Dealing with negativity,06/21/2015,"Pak Chong Nakorn Ratchasima Thailand",https://www.youtube.com/watch?v=7lIIHR5hT3c,,,
dharmacast,Ajahn Jayasaro,AJB,Ajahn Jayasaro,Developing Right Speech,DRS,Developing Right Speech,03/17/2013,"",https://www.youtube.com/watch?v=fYz8b_oCyIk,,,
dharmacast,Ajahn Jayasaro,AJB,Ajahn Jayasaro,The Glass Is Already Broken,GAB,The Glass Is Already Broken,01/24/2013,"",https://www.youtube.com/watch?v=JI2Mk4CuuoE,,,
dharmacast,Ajahn Jayasaro,AJB,Ajahn Jayasaro,Dealing with Anger,DWA,Dealing with Anger,06/18/2015,"",https://www.youtube.com/watch?v=ZdXd--FRjSA,,,
dharmacast,Ajahn Jayasaro,AJB,Ajahn Jayasaro,Dealing with fear and anxiety,DWFA,Dealing with fear and anxiety,01/23/2015,"",https://www.youtube.com/watch?v=_hu5onZPHJI,,,dd
dharmacast,Ajahn Jayasaro,AJB,Ajahn Jayasaro,Desire Conceit and Views,DCV,Desire Conceit and Views,12/29/2014,"",https://www.youtube.com/watch?v=Iudvw5S0aBk,,,
dharmacast,Ajahn Jayasaro,AJB,Ajahn Jayasaro,Framing,F,Framing,07/27/2014,"",https://www.youtube.com/watch?v=YfU3RKTWRVg,,,
dharmacast,Ajahn Jayasaro,AJB,Ajahn Jayasaro,Anatta and the Sense of Self,SS,Anatta and the Sense of Self,05/07/2015,"",https://www.youtube.com/watch?v=zf92BdOzpJo,,,
dharmacast,Ajahn Jayasaro,AJB,Ajahn Jayasaro,Buddhism in everyday life,BEL,Buddhism in everyday life,11/27/2014,"",https://www.youtube.com/watch?v=gwQakhgSte8,,,
dharmacast,Ajahn Jayasaro,AJB,Ajahn Jayasaro,Buddhism Education for Life,BEFL,Buddhism Education for Life,02/19/2015,"",https://www.youtube.com/watch?v=w3NpTAW2v8Y,,,
dharmacast,Ajahn Jayasaro,AJB,Ajahn Jayasaro,Beyond the Faith,BF,Beyond the Faith,07/13/2014,"",https://www.youtube.com/watch?v=3DGQPAhC-lc,,,
dharmacast,Matthieu Richard,MR,Matthieu Richard,Change your Mind Change your Brain,CMCB,Change your Mind Change your Brain,3/15/2007,Google Campus CA,https://www.youtube.com/watch?v=L_30JzRGDHI,,,
dharmacast,Matthieu Richard,MR,Matthieu Richard,The habits of happiness,HH,The habits of happiness,4/15/2008,TED,https://www.youtube.com/watch?v=vbLEf4HR74E,,,
dharmacast,Thích Pháp Hòa,TPH,Phap Hoa PH,Người Nào Nghiệp Nấy,NNNN,Nguoi Nao Nghiep Nay,12/11/2015,Perth Australia,https://www.youtube.com/watch?v=-IHpwKa0E2Q,,,
dharmacast,Thích Pháp Hòa,TPH,Phap Hoa PH,Nhận Thức Về Vô Thường,NTVVT,Nhan Thuc Ve Vo Thuong,04/16/2017,Truc Lam,https://www.youtube.com/watch?v=mJLTuIby3b4,,,
dharmacast,Thích Pháp Hòa,TPH,Phap Hoa PH,Người Khéo Nói,NKN,Nguoi Kheo Noi,04/16/2017,Truc Lam,https://www.youtube.com/watch?v=HIAhaJIjjLw,,,
dharmacast,Thích Pháp Hòa,TPH,Phap Hoa PH,Điều Ai Cũng Muốn,DACM,Dieu Ai Cung Muon,10/15/2014,New Orleans Louisiana,https://www.youtube.com/watch?v=6w9nburSglg,0:9:5,,
dharmacast,Thích Pháp Hòa,TPH,Phap Hoa PH,Im Lặng,IL,Im Lang,03/03/2017,Garden Grove CA,https://www.youtube.com/watch?v=aKqH_eIZeGI,0:5:45,1:36:55,
dharmacast,Thích Pháp Hòa,TPH,Phap Hoa PH,Khôn Dại,KD,Khon Dai,09/20/2015,Truc Lam Canada,https://www.youtube.com/watch?v=XlNNn-o_A1Q,0:3:0,0:57:10,
dharmacast,Thích Pháp Hòa,TPH,Phap Hoa PH,Sám Hối Nghiệp Chướng,SHNC,Sam Hoi Nghiep Chuong,10/01/2016,Machesney Park IL,https://www.youtube.com/watch?v=bgOail9Foi0,0:5:0,0:56:19,
dharmacast,Thích Pháp Hòa,TPH,Phap Hoa PH,Cách ứng xử giữa GHÉT và THƯƠNG,CUXGGVT,Cach Ung Xu Giua Ghet va Thuong,10/01/2016,Vien Giac OK,https://www.youtube.com/watch?v=BKNanEDgx9s,,,
dharmacast,Thích Pháp Hòa,TPH,Phap Hoa PH,Lời Dặn Cuối,LDC,Loi Dan Cuoi,03/12/2017,Edmonton Canada,https://www.youtube.com/watch?v=PSAvgX0fyug,,,
dharmacast,Thích Pháp Hòa,TPH,Phap Hoa PH,Nổ Lực và Kiên Trì,NLKT,No Luc va Kien Tri,01/15/2017,Edmonton Canada,https://www.youtube.com/watch?v=07I5bh9Af4U,0:12:15,1:04:26,
dharmacast,Thích Nhất Hạnh,TNH,Nhat Hanh NH,Mindfulness as a Foundation of Health,MFH,Mindfulness as a Foundation of Health,09/23/2011,Google Campus CA,https://www.youtube.com/watch?v=Ijnt-eXukwk,0:57:7,03:11:14,x
dharmacast,Thích Nhất Hạnh,TNH,Nhat Hanh NH,On Letting Go,ONG,On Letting Go,06/08/2006,Plum Village France,https://www.youtube.com/watch?v=o1Kph9R6y1E,0:11:32,1:41:14,x
dharmacast,Thích Pháp Hòa,TPH,Phap Hoa PH,Sống Sâu Sắc Thảnh Thơi,SSSTT,Song Sau Sac Thanh Thoi,4/28/2019,Huyen Quang,https://www.youtube.com/watch?v=NGut2n25obY,0:00:10,1:08:54,,
dharmacast,Thích Pháp Hòa,TPH,Phap Hoa PH,Tôi Bằng Tuổi Phật,TBTP,Toi Bang Tuoi Phat,5/11/2016,Riverside CA,https://www.youtube.com/watch?v=fdUUS9_5-eM,,,x,
dharmacast,Thích Pháp Hòa,TPH,Phap Hoa PH,Biết Lo,BL,Biet Lo,4/20/2019,Tay Thien,https://www.youtube.com/watch?v=aY-A1sG7iII,0:0:36,1:43:33,x,
dharmacast,Thích Pháp Hòa,TPH,Phap Hoa PH,Giải Thoát,GT,Giai Thoat,2/20/2018,Hai Duc,https://www.youtube.com/watch?v=0YiEl6xwMwg,0:0:00,2:18:06,x,